TableName,osh_config_bronze_stream
StreamId,StreamName,IsActive,ApiAdress,ApiToken,TargetCatalog,TargetSchema,TargetTableName,TargetSchemaPath,TargetCheckpointPath,LastModified
2,osh_event,1,osh/osh-reminders,osh/api-token,_osh_bronze_db,osh,osh_event,/Volumes/_osh_bronze_db/osh/osh_ingestion/schemas/osh_event,/Volumes/_osh_bronze_db/osh/osh_ingestion/checkpoints/osh_event,2026-09-13T02:28:58.254350Z
3,osh_assist,0,osh/osh-reminders,osh/api-token,_osh_bronze_db,osh,osh_assist,/Volumes/_osh_bronze_db/osh/osh_ingestion/schemas/osh_assist,/Volumes/_osh_bronze_db/osh/osh_ingestion/checkpoints/osh_assist,2026-09-13T02:28:58.254350Z
4,osh_launcher,0,osh/osh-reminders,osh/api-token,_osh_bronze_db,osh,osh_launcher,/Volumes/_osh_bronze_db/osh/osh_ingestion/schemas/osh_launcher,/Volumes/_osh_bronze_db/osh/osh_ingestion/checkpoints/osh_launcher,2026-09-13T02:28:58.254350Z

TableName,osh_config_silver_stream
StreamId,StreamName,IsActive,SourceNotebookPath,SourceNotebookName,SourceCatalog,SourceSchema,SourceTableName,TargetCatalog,TargetSchema,TargetTableName,SilverStreamCheck,LastModified
2,osh_event,1,/Workspace/Repos/osh-reminders/dev/files/notebooks/silver_notebooks,osh_event_shared,_osh_bronze_db,osh,osh_event,_osh_silver_db,osh,osh_osh_event,2,2026-09-13T02:28:58.254350Z

TableName,osh_config_gold_stream
StreamId,StreamName,IsActive,SourceNotebookPath,SourceNotebookName,SourceCatalog,SourceSchema,SourceTableName,TargetCatalog,TargetSchema,TargetTableName,GoldStreamCheck,LastModified
100,osh_reminder_final,1,/Workspace/Repos/osh-reminders/dev/files/notebooks/gold_notebooks,gold_osh_reminder_final,_osh_silver_db,osh_stores,osh_osh_reminder_unified,_osh_gold_db,osh_reminder,osh_osh_reminder_final,3,2026-09-13T02:28:58.254350Z

TableName,osh_config_bronze_status
StreamId,StreamName,RunOrder,IsBronzeEnabled,IsBronzeRunning,IsBronzeCompleted,LastModified
2,osh_event,2,1,0,0,

TableName,osh_config_silver_status
StreamId,StreamName,RunOrder,IsSilverEnabled,IsSilverRunning,IsSilverCompleted,LastModified

TableName,osh_config_gold_status
StreamId,StreamName,RunOrder,IsGoldEnabled,IsGoldRunning,IsGoldCompleted,LastModified

TableName,osh_config_log_header
DbxJobId,DbxRunId,JobName,PipelineName,TaskName,TaskRunId,Status,UserName,EventTimestamp

TableName,osh_config_log_header_detail
StreamName,PipelineName,TaskName,TaskRunId,EventType,Status,BatchId,RowCount,FileCount,JobId,RunId,Message,EventTimestamp
